k,sd,segmentation
2,0.775275,Product
3,0.671983,Product
4,0.629191,Product
5,0.603218,Product
6,0.5577622,Product
7,0.557369,Product
8,0.534354,Product
9,0.525746,Product
2,0.872269,Value
3,0.77165,Value
4,0.691197,Value
5,0.638502,Value
6,0.602692,Value
7,0.563504,Value
8,0.535375,Value
9,0.506379,Value