_CRIT_, _XCONV_, _FCONV_, _SEGMENT_, _FREQ_, _RMSSTD_, _RADIUS_, _NEAR_, _GAP_, newPremHealth, newPremHousehold, newPremLife, newPremMotor, newPremWork, 
0.7752055477, 0.0031708703, , 1, 5413, 0.5407352967, 3.1075363788, 2, 2.8375466638, 132.21761131, 88.397090338, 17.164806946, 405.88577314, 17.284888232, 
0.7752055477, 0.0031708703, , 2, 4476, 0.9870846031, 5.7466942888, 1, 2.8375466638, 214.88569482, 329.63774576, 61.721584004, 185.14364164, 61.839220286, 
