_CRIT_, _XCONV_, _FCONV_, _SEGMENT_, _FREQ_, _RMSSTD_, _RADIUS_, _NEAR_, _GAP_, newPremHealth, newPremHousehold, newPremLife, newPremMotor, newPremWork, 
0.6290761334, 0.0152949907, , 1, 2704, 0.3332091814, 2.1016387532, 2, 1.7186469695, 89.485732249, 55.310650888, 10.285643491, 469.59694157, 10.80552145, 
0.6290761334, 0.0152949907, , 2, 3295, 0.5266604632, 3.7404122998, 1, 1.7186469695, 171.08182398, 146.27176024, 28.811050076, 331.00733536, 29.10691047, 
0.6290761334, 0.0152949907, , 3, 2260, 0.6733778832, 4.0840437758, 2, 1.7564953167, 265.41289381, 211.68139381, 44.474216814, 193.95861947, 43.193818584, 
0.6290761334, 0.0152949907, , 4, 1630, 1.0140815141, 4.5940308251, 3, 2.6386239595, 166.87431288, 517.80773006, 89.52293865, 139.23733129, 90.559521472, 
