_CRIT_, _XCONV_, _FCONV_, _SEGMENT_, _FREQ_, _RMSSTD_, _RADIUS_, _NEAR_, _GAP_, newPremHealth, newPremHousehold, newPremLife, newPremMotor, newPremWork, 
0.6718863681, 0.0058165405, , 1, 4023, 0.4431310117, 3.0897634275, 2, 2.3443093205, 108.26703704, 77.875490927, 14.806982351, 437.49308476, 14.837163808, 
0.6718863681, 0.0058165405, , 2, 4012, 0.6591862586, 4.0000915906, 1, 2.3443093205, 228.37087986, 180.70841226, 36.486208873, 250.91102692, 36.946851944, 
0.6718863681, 0.0058165405, , 3, 1854, 1.020952354, 4.7279603183, 2, 2.6450729032, 175.69581446, 493.88174218, 88.040857605, 139.73727616, 87.613144552, 
