_CRIT_, _XCONV_, _FCONV_, _SEGMENT_, _FREQ_, _RMSSTD_, _RADIUS_, _NEAR_, _GAP_, CustMonVal, IMP_MonthSal, policy_time, 
0.7715441258, 0.0091238517, , 1, 3657, 0.7572412844, 2.7615781926, 2, 1.8450015711, 136.29546076, 3504.1283839, 29.508887066, 
0.7715441258, 0.0091238517, , 2, 3481, 0.7257767566, 2.682859059, 1, 1.8450015711, 39.476006895, 1736.5471129, 30.486354496, 
0.7715441258, 0.0091238517, , 3, 3128, 0.835250893, 4.3761613323, 2, 1.894833007, 509.53429668, 2172.9098465, 29.999040921, 
